Block,Song,Date,Time,Played
1,BOD.wav,0,0,0
1,BDY.wav,0,0,0
1,LNR.wav,0,0,0
1,ND.wav,0,0,0
1,2M.wav,0,0,0
1,LB.wav,0,0,0
1,DMG.wav,0,0,0
1,GRG.wav,0,0,0
1,DBR.wav,0,0,0
1,WG.wav,0,0,0
2,GRG.wav,0,0,0
2,ND.wav,0,0,0
2,DBR.wav,0,0,0
2,BDY.wav,0,0,0
2,DMG.wav,0,0,0
2,LB.wav,0,0,0
2,BOD.wav,0,0,0
2,LNR.wav,0,0,0
2,2M.wav,0,0,0
2,WG.wav,0,0,0
3,DBR.wav,0,0,0
3,BOD.wav,0,0,0
3,BDY.wav,0,0,0
3,LNR.wav,0,0,0
3,GRG.wav,0,0,0
3,2M.wav,0,0,0
3,ND.wav,0,0,0
3,DMG.wav,0,0,0
3,WG.wav,0,0,0
3,LB.wav,0,0,0
4,BDY.wav,0,0,0
4,DBR.wav,0,0,0
4,DMG.wav,0,0,0
4,LB.wav,0,0,0
4,2M.wav,0,0,0
4,GRG.wav,0,0,0
4,LNR.wav,0,0,0
4,ND.wav,0,0,0
4,BOD.wav,0,0,0
4,WG.wav,0,0,0
5,DMG.wav,0,0,0
5,2M.wav,0,0,0
5,LB.wav,0,0,0
5,WG.wav,0,0,0
5,LNR.wav,0,0,0
5,DBR.wav,0,0,0
5,ND.wav,0,0,0
5,BDY.wav,0,0,0
5,GRG.wav,0,0,0
5,BOD.wav,0,0,0
6,GRG.wav,0,0,0
6,DMG.wav,0,0,0
6,2M.wav,0,0,0
6,LNR.wav,0,0,0
6,DBR.wav,0,0,0
6,BDY.wav,0,0,0
6,WG.wav,0,0,0
6,LB.wav,0,0,0
6,BOD.wav,0,0,0
6,ND.wav,0,0,0
7,2M.wav,0,0,0
7,GRG.wav,0,0,0
7,ND.wav,0,0,0
7,LNR.wav,0,0,0
7,DMG.wav,0,0,0
7,LB.wav,0,0,0
7,BOD.wav,0,0,0
7,BDY.wav,0,0,0
7,WG.wav,0,0,0
7,DBR.wav,0,0,0
8,ND.wav,0,0,0
8,BOD.wav,0,0,0
8,DBR.wav,0,0,0
8,GRG.wav,0,0,0
8,2M.wav,0,0,0
8,LB.wav,0,0,0
8,WG.wav,0,0,0
8,DMG.wav,0,0,0
8,LNR.wav,0,0,0
8,BDY.wav,0,0,0
9,BOD.wav,0,0,0
9,GRG.wav,0,0,0
9,DMG.wav,0,0,0
9,BDY.wav,0,0,0
9,2M.wav,0,0,0
9,DBR.wav,0,0,0
9,LNR.wav,0,0,0
9,WG.wav,0,0,0
9,ND.wav,0,0,0
9,LB.wav,0,0,0
10,DBR.wav,0,0,0
10,ND.wav,0,0,0
10,LB.wav,0,0,0
10,LNR.wav,0,0,0
10,2M.wav,0,0,0
10,WG.wav,0,0,0
10,BDY.wav,0,0,0
10,DMG.wav,0,0,0
10,GRG.wav,0,0,0
10,BOD.wav,0,0,0
11,2M.wav,0,0,0
11,BDY.wav,0,0,0
11,GRG.wav,0,0,0
11,LNR.wav,0,0,0
11,ND.wav,0,0,0
11,DBR.wav,0,0,0
11,DMG.wav,0,0,0
11,LB.wav,0,0,0
11,WG.wav,0,0,0
11,BOD.wav,0,0,0